Submission id,Participant id,Status,Started at,Completed at,Reviewed at,Archived at,Time taken,Completion code,Total approvals,Fluent languages,Ethnicity,Age,Sex,Ethnicity simplified,Country of birth,Country of residence,Nationality,Language,Student status,Employment status
6565b221e5ee9c2d61a90d89,6047938e2edfb901ef28975e,APPROVED,2023-11-28T09:25:53.802000Z,2023-11-28T09:31:50.859000Z,2023-11-28T10:52:45.993000Z,2023-11-28T09:31:51.384156Z,358.0,CBCT4R5Q,370,"Portuguese, English",White/Caucasian,33,Male,White,Portugal,Portugal,Portugal,Portuguese,No,Full-Time
6565b242009eeb17459c8b41,5ff9dae550f0663236a53c19,APPROVED,2023-11-28T09:26:26.969000Z,2023-11-28T09:40:56.323000Z,2023-11-28T10:52:51.352000Z,2023-11-28T09:40:56.942779Z,870.0,CBCT4R5Q,494,"English, Polish",White/Caucasian,31,Male,White,Poland,Poland,Poland,Polish,No,Full-Time
6565b268f48f99056733f109,5f6a064fecc7cb03c2b61542,APPROVED,2023-11-28T09:27:11.973000Z,2023-11-28T09:39:07.599000Z,2023-11-28T10:53:03.542000Z,2023-11-28T09:39:08.072067Z,716.0,CBCT4R5Q,379,English,African,31,Male,Black,South Africa,South Africa,South Africa,English,No,Full-Time
6565b2755a81489784484986,6102db96d41a4bf54acd678b,APPROVED,2023-11-28T09:27:17.590000Z,2023-11-28T09:33:37.433000Z,2023-11-28T10:53:05.830000Z,2023-11-28T09:33:37.898666Z,380.0,CBCT4R5Q,299,English,African,30,Male,Black,Zimbabwe,South Africa,Zimbabwe,English,Yes,Part-Time
6565b277d20c86dae326d5ae,5fc4bc07be970b93ac1ac3b2,APPROVED,2023-11-28T09:27:19.037000Z,2023-11-28T09:33:32.602000Z,2023-11-28T10:53:07.273000Z,2023-11-28T09:33:33.329841Z,374.0,CBCT4R5Q,551,"English, Hungarian",White/Caucasian,31,Male,White,Hungary,Hungary,Hungary,Hungarian,No,Full-Time
6565b285739efdc811fa849f,60cc72425533320442c05f8c,APPROVED,2023-11-28T09:27:33.105000Z,2023-11-28T09:45:25.278000Z,2023-11-28T10:53:09.383000Z,2023-11-28T09:45:25.778900Z,1073.0,CBCT4R5Q,234,English,African,29,Male,Black,South Africa,South Africa,South Africa,English,No,Full-Time
6565b28a622e86e14ebe6fc5,5ef945aa4ffead6e3ea69289,APPROVED,2023-11-28T09:27:38.213000Z,2023-11-28T09:31:39.082000Z,2023-11-28T10:53:10.731000Z,2023-11-28T09:31:39.628215Z,241.0,CBCT4R5Q,582,"English, Portuguese",White/Caucasian,31,Male,White,Portugal,Portugal,Portugal,Portuguese,No,Full-Time
6565b2a6622e86e14ebe6fca,60bddc13bec08854c614d30b,APPROVED,2023-11-28T09:28:12.148000Z,2023-11-28T09:41:33.164000Z,2023-11-28T10:53:21.501000Z,2023-11-28T09:41:33.701664Z,802.0,CBCT4R5Q,154,English,African,27,Male,Black,South Africa,South Africa,South Africa,English,Yes,Other
6565b2b740c27a659eaaaff8,610188d5ae3b8a7623ef58c4,APPROVED,2023-11-28T09:28:28.754000Z,2023-11-28T09:37:51.681000Z,2023-11-28T10:53:27.687000Z,2023-11-28T09:37:52.170429Z,563.0,CBCT4R5Q,112,English,Black/African American,36,Male,Black,Zimbabwe,South Africa,Zimbabwe,English,Yes,Full-Time
6565b2bd5a8148978448499a,616355463b5f30433e95643a,APPROVED,2023-11-28T09:28:29.342000Z,2023-11-28T09:43:15.797000Z,2023-11-28T10:53:39.531000Z,2023-11-28T09:43:16.308123Z,887.0,CBCT4R5Q,258,English,African,39,Male,Black,South Africa,South Africa,South Africa,English,No,Full-Time
6565b2c790246c10fe90e657,61768384731ac05202ee94a9,APPROVED,2023-11-28T09:28:39.882000Z,2023-11-28T09:43:48.120000Z,2023-11-28T10:53:41.936000Z,2023-11-28T09:43:48.716052Z,909.0,CBCT4R5Q,222,"English, Afrikaans",African,31,Male,Black,South Africa,South Africa,South Africa,English,Yes,Unemployed (and job seeking)
6565b2e1e525798abc35e0e4,60f856b9f5b36eb3bf795366,APPROVED,2023-11-28T09:29:05.625000Z,2023-11-28T09:51:05.580000Z,2023-11-28T10:53:49.404000Z,2023-11-28T09:51:06.062567Z,1320.0,CBCT4R5Q,129,English,African,31,Male,Black,South Africa,South Africa,South Africa,English,No,Full-Time
6565b2e6faaa3e760f36a36d,601aa5ad4bb8ca3105c57b47,APPROVED,2023-11-28T09:29:19.840000Z,2023-11-28T09:33:41.410000Z,2023-11-28T10:53:53.711000Z,2023-11-28T09:33:41.839448Z,262.0,CBCT4R5Q,276,"English, Portuguese",White/Caucasian,27,Male,White,Brazil,Portugal,Brazil,Portuguese,No,Full-Time
6565b220f490276c78638cbf,60f99eebe697a698c80fcb03,APPROVED,2023-11-28T09:25:59.680000Z,2023-11-28T10:01:11.416000Z,2023-11-28T10:52:47.686000Z,2023-11-28T10:01:11.927516Z,2112.0,CBCT4R5Q,174,English,African,32,Female,Black,South Africa,South Africa,South Africa,English,No,Full-Time
6565b23391ab4d27a27b134d,6155796f5678e21525d664b9,APPROVED,2023-11-28T09:26:11.276000Z,2023-11-28T09:57:14.674000Z,2023-11-28T10:52:48.956000Z,2023-11-28T09:57:15.478714Z,1864.0,CBCT4R5Q,438,English,African,41,Female,Black,Zimbabwe,South Africa,Zimbabwe,English,Yes,Part-Time
6565b23db95c3087c01f3e00,5f1c5d097881234e5034cb12,APPROVED,2023-11-28T09:26:29.807000Z,2023-11-28T09:44:18.015000Z,2023-11-28T10:52:52.909000Z,2023-11-28T09:44:18.467418Z,1069.0,CBCT4R5Q,228,"English, Afrikaans",African,31,Female,Black,South Africa,South Africa,South Africa,English,No,Part-Time
6565b255142676a69e1f3619,614db5972347fc63735f95ba,APPROVED,2023-11-28T09:26:45.763000Z,2023-11-28T09:40:02.256000Z,2023-11-28T10:52:59.077000Z,2023-11-28T09:40:02.866695Z,797.0,CBCT4R5Q,180,English,African,30,Female,Black,Zimbabwe,South Africa,Zimbabwe,English,DATA_EXPIRED,DATA_EXPIRED
6565b257b6b8903cc398e7dc,5f14e794a89ac35a3f89801d,APPROVED,2023-11-28T09:28:42.068000Z,2023-11-28T09:35:39.518000Z,2023-11-28T10:53:44.895000Z,2023-11-28T09:35:40.022653Z,418.0,CBCT4R5Q,181,"English, Afrikaans",Mixed,28,Female,Mixed,South Africa,South Africa,South Africa,English,Yes,Part-Time
6565b26d444e2e520776e6d5,6162c4df5e32a5416e76cc43,APPROVED,2023-11-28T09:27:09.013000Z,2023-11-28T09:45:30.381000Z,2023-11-28T10:53:02.064000Z,2023-11-28T09:45:30.846067Z,1102.0,CBCT4R5Q,320,English,African,37,Female,Black,South Africa,South Africa,South Africa,English,No,Full-Time
6565b2943de01365c026d7a0,61586a30c809b14f3058c18e,APPROVED,2023-11-28T09:27:48.570000Z,2023-11-28T09:37:51.687000Z,2023-11-28T10:53:13.392000Z,2023-11-28T09:37:52.215574Z,604.0,CBCT4R5Q,230,English,African,38,Female,Black,South Africa,South Africa,South Africa,English,No,Full-Time
6565b2965285d0deeaa8a9a9,5f9e93bb62e24043c32378d7,APPROVED,2023-11-28T09:27:55.492000Z,2023-11-28T09:33:26.867000Z,2023-11-28T10:53:16.424000Z,2023-11-28T09:33:27.769026Z,332.0,CBCT4R5Q,457,"Afrikaans, English",African,42,Female,White,South Africa,South Africa,South Africa,English,No,Full-Time
6565b2a2739efdc811fa84a7,617043d82d04da516b29f797,APPROVED,2023-11-28T09:28:29.080000Z,2023-11-28T09:47:46.536000Z,2023-11-28T10:53:32.053000Z,2023-11-28T09:47:46.985247Z,1158.0,CBCT4R5Q,367,English,African,28,Female,Black,South Africa,South Africa,South Africa,English,Yes,Full-Time
6565b2a276e4cd93dbc8a3c5,60e763acb1bcb72d26a0d3c1,APPROVED,2023-11-28T09:28:02.420000Z,2023-11-28T10:08:35.775000Z,2023-11-28T10:53:18.929000Z,2023-11-28T10:08:36.512941Z,2434.0,CBCT4R5Q,105,"Afrikaans, English",African,40,Female,Mixed,South Africa,South Africa,South Africa,English,No,Full-Time
6565b2a5faaa3e760f36a358,60dde16f0cda59cf9d86feb9,APPROVED,2023-11-28T09:28:19.561000Z,2023-11-28T09:45:24.352000Z,2023-11-28T10:53:23.644000Z,2023-11-28T09:45:24.905425Z,1025.0,CBCT4R5Q,250,"English, Portuguese",White/Caucasian,27,Female,White,Portugal,Portugal,Portugal,Portuguese,No,Full-Time
6565b2acf48f99056733f11d,611d1c9f1474271461e265a9,APPROVED,2023-11-28T09:28:25.846000Z,2023-11-28T10:03:49.917000Z,2023-11-28T10:53:25.730000Z,2023-11-28T10:03:50.406090Z,2125.0,CBCT4R5Q,371,"Afrikaans, English",African,27,Female,Black,South Africa,South Africa,South Africa,English,Yes,Full-Time
6565b2b72ce7e1e95673ec6a,5cd49e03b5f539000154efe7,APPROVED,2023-11-28T09:29:05.258000Z,2023-11-28T09:57:52.832000Z,2023-11-28T10:53:47.674000Z,2023-11-28T09:57:53.318715Z,1728.0,CBCT4R5Q,466,"Italian, English, Spanish, Hungarian, French",White/Caucasian,43,Female,White,Hungary,Hungary,Hungary,Hungarian,No,DATA_EXPIRED
6565c135b4ac8995e9101b84,5d88c63e488c06001baae835,APPROVED,2023-11-28T10:30:28.840000Z,2023-11-28T10:43:18.115000Z,2023-11-28T10:53:55.188000Z,2023-11-28T10:43:19.570076Z,770.0,CBCT4R5Q,297,"Polish, English",White/Caucasian,39,Female,White,Poland,Poland,Poland,Polish,No,Full-Time
655b2d71111070ce6edce6bd,5e85b023bd0d95000933aea6,APPROVED,2023-11-20T09:59:23.502000Z,2023-11-20T10:03:24.299000Z,2023-11-20T11:06:46.042000Z,2023-11-20T10:03:25.032750Z,241.0,CBCT4R5Q,262,English,White/Caucasian,38,Male,White,Poland,Poland,Poland,Polish,No,Full-Time
655b2d8632590bddfde807ec,611d1134bcc4eda812acf219,APPROVED,2023-11-20T09:57:28.881000Z,2023-11-20T10:08:38.244000Z,2023-11-20T11:06:19.160000Z,2023-11-20T10:08:38.711186Z,670.0,CBCT4R5Q,409,English,African,36,Male,Black,Zimbabwe,South Africa,Zimbabwe,English,Yes,Full-Time
655b2d9ab28b7f51e4566c07,5dee4083186bf9000d38dfde,APPROVED,2023-11-20T09:57:46.841000Z,2023-11-20T10:04:55.238000Z,2023-11-20T11:06:22.081000Z,2023-11-20T10:04:56.131008Z,429.0,CBCT4R5Q,332,"Greek, English",White/Caucasian,43,Male,White,Greece,Greece,Greece,Greek,No,Full-Time
655b2da41477abb28cfb3bb7,615b2f43cb627d1f51211d11,APPROVED,2023-11-20T09:57:56.799000Z,2023-11-20T10:07:52.437000Z,2023-11-20T11:06:31.437000Z,2023-11-20T10:07:52.963338Z,596.0,CBCT4R5Q,334,English,African,31,Male,Mixed,South Africa,South Africa,South Africa,English,No,Unemployed (and job seeking)
655b2dae8937f9e667fb3b7e,5cce493d2f210d0018c346f5,APPROVED,2023-11-20T09:58:06.384000Z,2023-11-20T10:36:40.645000Z,2023-11-20T11:06:27.805000Z,2023-11-20T10:36:41.477621Z,2315.0,CBCT4R5Q,379,"English, Greek",White/Caucasian,26,Male,White,Greece,Greece,Greece,Greek,No,Full-Time
655b2dae289f4fdfdcc3fa8b,61757c0b9a1b784bb12e99c4,APPROVED,2023-11-20T09:58:32.682000Z,2023-11-20T10:19:30.426000Z,2023-11-20T11:06:37.620000Z,2023-11-20T10:19:30.866697Z,1258.0,CBCT4R5Q,191,English,African,27,Male,Black,South Africa,South Africa,South Africa,Other,No,Part-Time
655b2dbcaf18c20bc58bd860,5f003e622ec97b13f2764ec9,APPROVED,2023-11-20T09:58:20.393000Z,2023-11-20T10:06:06.282000Z,2023-11-20T11:06:33.388000Z,2023-11-20T10:06:06.792801Z,466.0,CBCT4R5Q,335,English,Mixed,35,Male,White,South Africa,South Africa,South Africa,English,DATA_EXPIRED,Full-Time
655b2dc0104db30fec339e8c,6136266c04528ef90b95faa5,APPROVED,2023-11-20T09:58:43.697000Z,2023-11-20T10:16:32.015000Z,2023-11-20T11:06:40.985000Z,2023-11-20T10:16:32.552892Z,1069.0,CBCT4R5Q,420,"Afrikaans, English",Mixed,40,Male,Mixed,South Africa,South Africa,South Africa,English,No,Full-Time
655b2d8cb99104a1e36fdca1,5ee35bd68326e102273173ee,APPROVED,2023-11-20T09:57:32.318000Z,2023-11-20T10:02:18.751000Z,2023-11-20T11:06:20.665000Z,2023-11-20T10:02:19.223220Z,287.0,CBCT4R5Q,424,"English, Polish",White/Caucasian,28,Female,White,Poland,Poland,Poland,Polish,Yes,Other
655b2da1079602016bc96347,613be7f2bbf6e0831b2dcf31,APPROVED,2023-11-20T09:57:53.743000Z,2023-11-20T10:17:55.510000Z,2023-11-20T11:06:23.573000Z,2023-11-20T10:17:56.012265Z,1202.0,CBCT4R5Q,353,English,African,31,Female,Black,Zimbabwe,South Africa,Zimbabwe,English,No,Full-Time
655b2da4120a1621007d6bb3,5d833e4fec07340015a6a55c,APPROVED,2023-11-20T09:57:56.019000Z,2023-11-20T10:05:19.903000Z,2023-11-20T11:06:25.610000Z,2023-11-20T10:05:20.393313Z,444.0,CBCT4R5Q,450,"English, Portuguese, Spanish",White/Caucasian,27,Female,White,Portugal,Portugal,Portugal,Portuguese,No,Unemployed (and job seeking)
655b2dc49f626c54dc2d8da3,6142798bfbec310977eeeae2,APPROVED,2023-11-20T09:58:37.167000Z,2023-11-20T10:13:39.834000Z,2023-11-20T11:06:39.187000Z,2023-11-20T10:13:40.528325Z,903.0,CBCT4R5Q,139,English,African,34,Female,Black,Zimbabwe,South Africa,South Africa,English,No,Full-Time
655b2dcaa5ae9ea9f2f628a9,61695de0da820cd0b0e7106e,APPROVED,2023-11-20T09:59:36.042000Z,2023-11-20T10:10:03.310000Z,2023-11-20T11:06:48.858000Z,2023-11-20T10:10:03.786342Z,628.0,CBCT4R5Q,230,English,African,30,Female,Black,Zambia,South Africa,Zambia,English,Yes,Unemployed (and job seeking)
655b2dcdc15d52fb4bbb97ee,60e579897ebd06b1537eb223,APPROVED,2023-11-20T09:58:43.715000Z,2023-11-20T10:07:53.263000Z,2023-11-20T11:06:42.213000Z,2023-11-20T10:07:53.735614Z,550.0,CBCT4R5Q,297,English,Black/African American,38,Female,Black,South Africa,South Africa,South Africa,English,No,Full-Time
655b2dde7a6e0e54d068205d,6112c9590c46a0832e294382,APPROVED,2023-11-20T09:58:54.073000Z,2023-11-20T10:10:08.939000Z,2023-11-20T11:06:43.634000Z,2023-11-20T10:10:09.346459Z,675.0,CBCT4R5Q,384,English,African,29,Female,Black,South Africa,South Africa,South Africa,English,No,Full-Time
655b2de658134a724e120e9a,5d7e761f3c9c5e0016bd6255,APPROVED,2023-11-20T09:59:02.239000Z,2023-11-20T10:06:10.911000Z,2023-11-20T11:06:44.807000Z,2023-11-20T10:06:11.400621Z,429.0,CBCT4R5Q,244,"Polish, English",White/Caucasian,29,Female,White,Poland,Poland,Poland,Polish,No,Part-Time
655b2dfb54ce7e514a7c1359,5f16d85393cc0b01d1148684,APPROVED,2023-11-20T09:59:23.919000Z,2023-11-20T10:07:21.821000Z,2023-11-20T11:06:47.275000Z,2023-11-20T10:07:22.337507Z,478.0,CBCT4R5Q,226,"Italian, English",White/Caucasian,32,Female,White,Netherlands,Italy,Italy,Italian,No,Full-Time
655b3efbe3967a285c5c959b,60ec59fd2b37f9f614ab104d,APPROVED,2023-11-20T11:11:58.827000Z,2023-11-20T11:18:54.360000Z,2023-11-20T11:24:14.537000Z,2023-11-20T11:18:55.450771Z,416.0,CBCT4R5Q,132,"Afrikaans, English",African,30,Female,Mixed,South Africa,South Africa,South Africa,English,No,Full-Time
6565d9c867fb565400410069,5f80d2711bd3b116a11154f2,APPROVED,2023-11-28T12:20:11.660000Z,2023-11-28T12:29:34.301000Z,2023-11-28T12:58:02.935000Z,2023-11-28T12:29:34.930956Z,563.0,CBCT4R5Q,480,"Spanish, English",White/Caucasian,67,Male,White,Spain,Portugal,Spain,Spanish,No,Part-Time
6565da53db74c634877e38db,5ed8f853923c0941e1238299,APPROVED,2023-11-28T12:17:27.030000Z,2023-11-28T12:29:03.818000Z,2023-11-28T12:57:45.220000Z,2023-11-28T12:29:04.642793Z,697.0,CBCT4R5Q,1274,English,White/Caucasian,77,Male,White,United Kingdom,United Kingdom,United Kingdom,English,No,"Not in paid work (e.g. homemaker', 'retired or disabled)"
6565dbafda892967a5d0477e,614474abab1644252b136279,APPROVED,2023-11-28T12:23:24.896000Z,2023-11-28T12:35:19.530000Z,2023-11-28T12:58:04.203000Z,2023-11-28T12:35:20.015842Z,715.0,CBCT4R5Q,741,English,White/Caucasian,67,Male,White,United Kingdom,United Kingdom,United Kingdom,English,No,"Not in paid work (e.g. homemaker', 'retired or disabled)"
6565dbd9fd40f61b3e04bc68,575eab31862b0f0006cd7dec,APPROVED,2023-11-28T12:23:58.139000Z,2023-11-28T12:34:38.761000Z,2023-11-28T12:58:05.505000Z,2023-11-28T12:34:39.249958Z,641.0,CBCT4R5Q,2516,English,White/Caucasian,67,Male,White,United Kingdom,United Kingdom,United Kingdom,English,No,"Not in paid work (e.g. homemaker', 'retired or disabled)"
6565dbdc870a29707f53855a,60637f3a33096c04b8f15b74,APPROVED,2023-11-28T12:24:06.789000Z,2023-11-28T12:36:14.494000Z,2023-11-28T12:58:07.095000Z,2023-11-28T12:36:15.896592Z,728.0,CBCT4R5Q,482,English,Mixed,66,Male,Mixed,India,United Kingdom,United Kingdom,English,No,Full-Time
6565dc16870a29707f538566,5b61a193adb684000126749f,APPROVED,2023-11-28T12:25:03.740000Z,2023-11-28T12:36:15.136000Z,2023-11-28T12:58:08.843000Z,2023-11-28T12:36:15.724678Z,672.0,CBCT4R5Q,1006,English,White/Caucasian,67,Male,White,United Kingdom,United Kingdom,United Kingdom,English,No,"Not in paid work (e.g. homemaker', 'retired or disabled)"
6565dc7472e52afd4bb43666,5e86129f087c78224098c878,APPROVED,2023-11-28T12:26:38.890000Z,2023-11-28T12:37:03.053000Z,2023-11-28T12:58:11.918000Z,2023-11-28T12:37:03.506961Z,625.0,CBCT4R5Q,532,English,White/Caucasian,66,Male,White,United Kingdom,United Kingdom,United Kingdom,English,No,"Not in paid work (e.g. homemaker', 'retired or disabled)"
6565dc942ace65d1b88fe2c1,616ac79dcdd6ef423d2a761e,APPROVED,2023-11-28T12:27:05.390000Z,2023-11-28T12:38:52.901000Z,2023-11-28T12:58:13.869000Z,2023-11-28T12:38:53.502568Z,708.0,CBCT4R5Q,1000,English,White/Caucasian,66,Male,White,United Kingdom,United Kingdom,United Kingdom,English,Yes,"Not in paid work (e.g. homemaker', 'retired or disabled)"
6565dd19ae0a36f4b67805b5,5fc3849ea684f631e16d2b64,APPROVED,2023-11-28T12:29:15.873000Z,2023-11-28T12:35:51.902000Z,2023-11-28T12:58:15.486000Z,2023-11-28T12:35:52.399651Z,397.0,CBCT4R5Q,709,English,White/Caucasian,78,Male,White,United Kingdom,United Kingdom,United Kingdom,English,No,"Not in paid work (e.g. homemaker', 'retired or disabled)"
6565dd32ca33d9f017051798,63f5430faafdd862860a98a1,APPROVED,2023-11-28T12:29:42.714000Z,2023-11-28T12:38:48.222000Z,2023-11-28T12:58:16.828000Z,2023-11-28T12:38:48.714895Z,546.0,CBCT4R5Q,351,English,White/Caucasian,70,Male,White,Lebanon,United Kingdom,United Kingdom,English,No,Full-Time
6565dd7a0965102de577b26c,5f392fae9168cc472f0468f6,APPROVED,2023-11-28T12:31:09.631000Z,2023-11-28T12:36:26.629000Z,2023-11-28T12:58:21.822000Z,2023-11-28T12:36:27.030834Z,317.0,CBCT4R5Q,715,"English, Gaelic",White/Caucasian,76,Male,White,Ireland,Ireland,Ireland,English,No,"Not in paid work (e.g. homemaker', 'retired or disabled)"
6565dd7f7730d6593ec45cd1,5d4310bbd8e961001b825ca4,APPROVED,2023-11-28T12:30:59.588000Z,2023-11-28T12:35:46.502000Z,2023-11-28T12:58:18.132000Z,2023-11-28T12:35:47.158560Z,287.0,CBCT4R5Q,2824,English,White/Caucasian,65,Male,White,United Kingdom,United Kingdom,United Kingdom,English,No,Full-Time
6565dd994dd12dcbc48b7457,62dc0ab6f379d4efeede106c,APPROVED,2023-11-28T12:31:26.549000Z,2023-11-28T12:43:46.890000Z,2023-11-28T12:58:23.537000Z,2023-11-28T12:43:47.383212Z,741.0,CBCT4R5Q,215,English,White/Caucasian,67,Male,White,United States,United States,United States,English,No,DATA_EXPIRED
6565ddc0d42634aa30887e5d,59e91d78d4ab970001389c67,APPROVED,2023-11-28T12:32:03.532000Z,2023-11-28T12:38:55.475000Z,2023-11-28T12:58:29.870000Z,2023-11-28T12:38:55.964307Z,412.0,CBCT4R5Q,2038,English,White/Caucasian,69,Male,White,United Kingdom,United Kingdom,United Kingdom,English,Yes,"Not in paid work (e.g. homemaker', 'retired or disabled)"
6565d72a2de386cc603f4f54,5c62959e32a505000161e82b,APPROVED,2023-11-28T12:03:58.427000Z,2023-11-28T12:14:23.020000Z,2023-11-28T12:57:38.349000Z,2023-11-28T12:14:23.492206Z,625.0,CBCT4R5Q,941,English,White/Caucasian,74,Female,White,United States,Italy,United States,English,No,"Not in paid work (e.g. homemaker', 'retired or disabled)"
6565dab6c16b2ce49ff299c7,5a69d956111b250001e342b3,APPROVED,2023-11-28T12:19:20.913000Z,2023-11-28T12:26:05.540000Z,2023-11-28T12:58:01.567000Z,2023-11-28T12:26:06.134044Z,405.0,CBCT4R5Q,1578,English,White/Caucasian,67,Female,White,United Kingdom,United Kingdom,United Kingdom,English,No,"Not in paid work (e.g. homemaker', 'retired or disabled)"
6565dc5a8e279045fb0bda2b,5c964575c7f75b000167754e,APPROVED,2023-11-28T12:26:06.977000Z,2023-11-28T12:36:02.868000Z,2023-11-28T12:58:10.521000Z,2023-11-28T12:36:03.302138Z,596.0,CBCT4R5Q,1031,English,Mixed,66,Female,White,United Kingdom,United Kingdom,United Kingdom,English,No,DATA_EXPIRED
6565dd89de9f98a97575d039,60b94f837bfda8b1977feef0,APPROVED,2023-11-28T12:34:15.323000Z,2023-11-28T12:54:04.697000Z,2023-11-28T12:58:36.161000Z,2023-11-28T12:54:05.452950Z,1190.0,CBCT4R5Q,564,English,White/Caucasian,77,Female,White,United Kingdom,South Africa,United Kingdom,English,No,"Not in paid work (e.g. homemaker', 'retired or disabled)"
6565dd894d3421c0570517ae,5ea159434ac916016387488e,APPROVED,2023-11-28T12:31:08.616000Z,2023-11-28T12:35:40.321000Z,2023-11-28T12:58:19.707000Z,2023-11-28T12:35:40.858094Z,272.0,CBCT4R5Q,1270,English,White/Caucasian,68,Female,White,United Kingdom,United Kingdom,United Kingdom,English,No,"Not in paid work (e.g. homemaker', 'retired or disabled)"
6565ddaeb4f4cada7c4a2b51,5fe8c641b0feb87d2df258fc,APPROVED,2023-11-28T12:31:53.016000Z,2023-11-28T12:40:04.348000Z,2023-11-28T12:58:24.613000Z,2023-11-28T12:40:04.811741Z,492.0,CBCT4R5Q,713,English,White/Caucasian,69,Female,White,United Kingdom,United Kingdom,United Kingdom,English,No,Part-Time
6565ddb509bfe7282b59bb8d,63de43b08a408605eced4803,APPROVED,2023-11-28T12:32:01.065000Z,2023-11-28T12:52:58.476000Z,2023-11-28T12:58:26.728000Z,2023-11-28T12:52:59.648189Z,1258.0,CBCT4R5Q,543,English,White/Caucasian,73,Female,White,United Kingdom,United Kingdom,United Kingdom,English,No,"Not in paid work (e.g. homemaker', 'retired or disabled)"
6565dde79b4facc2af4e47b4,5e0083e4946e97c761a0cefa,APPROVED,2023-11-28T12:32:43.874000Z,2023-11-28T12:43:09.805000Z,2023-11-28T12:58:33.189000Z,2023-11-28T12:43:10.328525Z,626.0,CBCT4R5Q,903,English,White/Caucasian,76,Female,White,United Kingdom,United Kingdom,United Kingdom,English,No,"Not in paid work (e.g. homemaker', 'retired or disabled)"
6565de4001248669cbc248dd,63c53db657f8b90ef7b69862,APPROVED,2023-11-28T12:37:40.151000Z,2023-11-28T12:47:01.942000Z,2023-11-28T12:58:44.280000Z,2023-11-28T12:47:02.393941Z,562.0,CBCT4R5Q,110,English,White/Caucasian,68,Female,White,Germany,Germany,Germany,German,No,"Not in paid work (e.g. homemaker', 'retired or disabled)"
6565de99d25b2f30e3186a4c,62b60d23ea3a3c1289f14a7e,APPROVED,2023-11-28T12:35:47.315000Z,2023-11-28T12:42:20.546000Z,2023-11-28T12:58:39.803000Z,2023-11-28T12:42:21.193252Z,394.0,CBCT4R5Q,574,English,White/Caucasian,67,Female,White,United Kingdom,United Kingdom,United Kingdom,English,No,"Not in paid work (e.g. homemaker', 'retired or disabled)"
6565deec88d896b91784e4e2,5c5b29035e09ea0001552e37,APPROVED,2023-11-28T12:37:04.958000Z,2023-11-28T12:47:43.983000Z,2023-11-28T12:58:41.797000Z,2023-11-28T12:47:44.529937Z,640.0,CBCT4R5Q,639,English,White/Caucasian,71,Female,White,United Kingdom,United Kingdom,United Kingdom,English,No,"Not in paid work (e.g. homemaker', 'retired or disabled)"
6565df4f1af2eb9873f80f27,614ff5087d00000408f278d5,APPROVED,2023-11-28T12:38:49.703000Z,2023-11-28T12:48:29.560000Z,2023-11-28T12:58:45.955000Z,2023-11-28T12:48:30.005511Z,580.0,CBCT4R5Q,710,English,White/Caucasian,65,Female,White,United States,United States,United States,English,No,Part-Time
6565df5d07055524fd44036d,5b616c251957b60001e286fc,APPROVED,2023-11-28T12:38:53.081000Z,2023-11-28T12:47:00.942000Z,2023-11-28T12:58:47.447000Z,2023-11-28T12:47:01.529876Z,488.0,CBCT4R5Q,1336,English,White/Caucasian,68,Female,White,Ireland,United Kingdom,Ireland,English,DATA_EXPIRED,DATA_EXPIRED
6565e0db59cbd5dfcb75af32,5ac8958b1667e40001d8852a,APPROVED,2023-11-28T12:45:19.413000Z,2023-11-28T12:54:26.095000Z,2023-11-28T12:58:48.868000Z,2023-11-28T12:54:27.132534Z,547.0,CBCT4R5Q,737,English,White/Caucasian,67,Female,White,United Kingdom,United Kingdom,United Kingdom,English,No,Full-Time
655b2e43c3d4dbeeec1a5e9f,63b2d4d4820e318e0fb676a5,APPROVED,2023-11-20T10:01:04.235000Z,2023-11-20T10:09:11.451000Z,2023-11-20T11:07:38.090000Z,2023-11-20T10:09:11.858954Z,488.0,CBCT4R5Q,189,English,White/Caucasian,51,Male,White,United Kingdom,United Kingdom,United Kingdom,English,No,"Not in paid work (e.g. homemaker', 'retired or disabled)"
655b2ef895dad27e4df7760a,5e5bd71ee0777c3bbe5b108c,APPROVED,2023-11-20T10:03:36.931000Z,2023-11-20T10:13:53.492000Z,2023-11-20T11:07:44.375000Z,2023-11-20T10:13:53.946603Z,617.0,CBCT4R5Q,460,"Greek, English",White/Caucasian,53,Male,White,Germany,Greece,Greece,Greek,No,Part-Time
655b2f151852d02325fd925b,5ccbf31adde97100138a0eb4,APPROVED,2023-11-20T10:06:18.745000Z,2023-11-20T10:14:38.907000Z,2023-11-20T11:07:51.003000Z,2023-11-20T10:14:39.512250Z,501.0,CBCT4R5Q,566,"English, Italian",White/Caucasian,48,Male,White,Italy,Italy,Italy,Italian,No,Full-Time
655b2f3b11391015e9a2a743,5a64bb3035f26b0001492e6a,APPROVED,2023-11-20T10:04:43.499000Z,2023-11-20T10:12:15.056000Z,2023-11-20T11:07:46.261000Z,2023-11-20T10:12:15.496685Z,452.0,CBCT4R5Q,848,"Italian, English",White/Caucasian,48,Male,White,Italy,Italy,Italy,Italian,No,Full-Time
655b3052b39d00f35861a2b7,5bad564f2b86390001ccdd4c,APPROVED,2023-11-20T10:09:22.573000Z,2023-11-20T10:17:24.846000Z,2023-11-20T11:07:56.070000Z,2023-11-20T10:17:25.272214Z,483.0,CBCT4R5Q,589,"English, French, Italian",White/Caucasian,61,Male,White,Italy,Italy,Italy,Italian,No,Full-Time
655b308634c7253668a9e6f6,5e33dbbdde69fe398b7a72b2,APPROVED,2023-11-20T10:13:08.489000Z,2023-11-20T10:27:48.925000Z,2023-11-20T11:08:16.420000Z,2023-11-20T10:27:49.428951Z,881.0,CBCT4R5Q,726,"Spanish, English",Other (please feel free to let us know your ethnicity via email),49,Male,Other,Spain,Spain,Spain,Spanish,DATA_EXPIRED,DATA_EXPIRED
655b3089b7ebb1dded435208,5f23c8b2be6a4e1a1481ba56,APPROVED,2023-11-20T10:10:22.582000Z,2023-11-20T10:16:54.949000Z,2023-11-20T11:08:04.531000Z,2023-11-20T10:16:55.463270Z,393.0,CBCT4R5Q,451,English,White/Caucasian,49,Male,White,New Zealand,Korea,New Zealand,English,No,Full-Time
655b30b065aa61a937faed5d,5a5110bb76d1c60001aaa059,APPROVED,2023-11-20T10:11:15.037000Z,2023-11-20T10:26:30.925000Z,2023-11-20T11:08:10.613000Z,2023-11-20T10:26:31.369815Z,916.0,CBCT4R5Q,877,"Italian, Spanish, English, French",Middle Eastern,46,Male,White,Italy,Italy,Italy,Italian,No,Unemployed (and job seeking)
655b30cea11458d1f9da1c99,5e9a2f3ec68a310c7dd56619,APPROVED,2023-11-20T10:11:26.765000Z,2023-11-20T10:22:02.781000Z,2023-11-20T11:08:12.373000Z,2023-11-20T10:22:03.338668Z,637.0,CBCT4R5Q,754,"English, Portuguese",White/Caucasian,47,Male,White,Portugal,Portugal,Portugal,Portuguese,No,Full-Time
655b30e882961e60ec61a29b,5e97319f86d5211e50b9fe92,APPROVED,2023-11-20T10:11:57.442000Z,2023-11-20T10:28:46.482000Z,2023-11-20T11:08:14.510000Z,2023-11-20T10:28:47.151811Z,1010.0,CBCT4R5Q,241,"Greek, English",White/Caucasian,50,Male,White,Greece,Greece,Greece,Greek,Yes,Part-Time
655b2ebc350df801bcda1c39,616550455f8f691a658e06b0,APPROVED,2023-11-20T10:02:36.008000Z,2023-11-20T10:28:36.353000Z,2023-11-20T11:07:39.346000Z,2023-11-20T10:28:36.916312Z,1561.0,CBCT4R5Q,259,"Afrikaans, English",Mixed,49,Female,Mixed,South Africa,South Africa,South Africa,Afrikaans,No,DATA_EXPIRED
655b2eebf5a6b4f509267e64,6111875ad5dd629cdf90a8db,APPROVED,2023-11-20T10:03:29.823000Z,2023-11-20T10:12:49.541000Z,2023-11-20T11:07:42.975000Z,2023-11-20T10:12:50.045058Z,560.0,CBCT4R5Q,136,"Rather not say, English",Black/African American,53,Female,Black,South Africa,South Africa,South Africa,English,No,Full-Time
655b2f67a3fda62741309f17,5982d6ac55a18000013384d1,APPROVED,2023-11-20T10:05:30.483000Z,2023-11-20T10:19:48.591000Z,2023-11-20T11:07:49.139000Z,2023-11-20T10:19:49.050877Z,859.0,CBCT4R5Q,444,English,White/Caucasian,47,Female,White,United Kingdom,United Kingdom,United Kingdom,English,DATA_EXPIRED,DATA_EXPIRED
655b2fdb45d13e94d380c51d,60c896e7c45d686e4592764a,APPROVED,2023-11-20T10:07:28.959000Z,2023-11-20T10:13:50.857000Z,2023-11-20T11:07:52.774000Z,2023-11-20T10:13:51.296884Z,382.0,CBCT4R5Q,412,English,White/Caucasian,52,Female,White,Australia,Australia,Australia,English,No,Part-Time
655b300b0264a44e1e8eb2c6,6169371ea3c9ff0b4c91b8c0,APPROVED,2023-11-20T10:08:17.162000Z,2023-11-20T10:23:25.118000Z,2023-11-20T11:07:54.503000Z,2023-11-20T10:23:25.681302Z,908.0,CBCT4R5Q,154,English,African,47,Female,Black,South Africa,South Africa,South Africa,English,No,Part-Time
655b306a576386adff932f99,5f4653e86e2aaf0112e521bb,APPROVED,2023-11-20T10:09:51.505000Z,2023-11-20T10:14:23.288000Z,2023-11-20T11:07:58.083000Z,2023-11-20T10:14:23.826772Z,272.0,CBCT4R5Q,857,English,White/Caucasian,48,Female,White,United Kingdom,United Kingdom,United Kingdom,English,No,Full-Time
655b307765aa61a937faed53,6460f320e8ba103d47ded9d6,APPROVED,2023-11-20T10:10:14.616000Z,2023-11-20T10:17:06.103000Z,2023-11-20T11:07:59.728000Z,2023-11-20T10:17:06.626879Z,412.0,CBCT4R5Q,120,"Afrikaans, English",White/Caucasian,54,Female,White,United Kingdom,South Africa,United Kingdom,English,No,Full-Time
655b308de6a2b1833e88c4d7,5fbad1fdefe4a5b5967417db,APPROVED,2023-11-20T10:10:21.487000Z,2023-11-20T10:17:44.179000Z,2023-11-20T11:08:01.410000Z,2023-11-20T10:17:44.665265Z,443.0,CBCT4R5Q,477,"English, German, Portuguese, Spanish",White/Caucasian,50,Female,White,Portugal,Portugal,Portugal,Portuguese,No,Full-Time
655b308f95dad27e4df7764c,59d3b07947f4e80001a6c551,APPROVED,2023-11-20T10:10:27.623000Z,2023-11-20T10:14:23.855000Z,2023-11-20T11:08:06.338000Z,2023-11-20T10:14:24.396385Z,237.0,CBCT4R5Q,1310,English,White/Caucasian,51,Female,White,United Kingdom,United Kingdom,United Kingdom,English,No,Full-Time
655b308fb39d00f35861a2c0,5f622aea193f690eebfe422a,APPROVED,2023-11-20T10:10:29.978000Z,2023-11-20T10:18:59.375000Z,2023-11-20T11:08:07.909000Z,2023-11-20T10:18:59.848158Z,510.0,CBCT4R5Q,617,"Spanish, English",White/Caucasian,58,Female,White,Spain,Spain,Spain,Spanish,No,Full-Time
655b30a53df5eac49fd5c325,5ed8e72416627f40d066278f,APPROVED,2023-11-20T10:10:59.015000Z,2023-11-20T10:20:37.028000Z,2023-11-20T11:08:09.201000Z,2023-11-20T10:20:37.681688Z,579.0,CBCT4R5Q,554,"English, French, Italian",White/Caucasian,54,Female,White,Italy,Italy,Italy,Italian,No,Full-Time
6565cbf47fc6f221524700dc,615dd36156bf443246c0b660,APPROVED,2023-11-28T11:16:04.430000Z,2023-11-28T11:24:07.923000Z,2023-11-28T11:43:39.295000Z,2023-11-28T11:24:08.419486Z,484.0,CBCT4R5Q,506,"Afrikaans, English",White/Caucasian,56,Male,White,South Africa,South Africa,South Africa,Afrikaans,No,Full-Time
6565cc32fc265b93ca11c4b2,558860f6fdf99b4020ba0c59,APPROVED,2023-11-28T11:17:09.380000Z,2023-11-28T11:24:27.727000Z,2023-11-28T11:43:44.099000Z,2023-11-28T11:24:28.251814Z,439.0,CBCT4R5Q,2349,English,White/Caucasian,48,Male,White,United Kingdom,United Kingdom,United Kingdom,English,No,Full-Time
6565cc6c3ea05695ee03f645,5b6f2884c727a90001529ef0,APPROVED,2023-11-28T11:18:04.620000Z,2023-11-28T11:28:02.594000Z,2023-11-28T11:43:51.553000Z,2023-11-28T11:28:03.091924Z,598.0,CBCT4R5Q,1000,"English, Italian",White/Caucasian,48,Male,White,Italy,Italy,Italy,Italian,No,Full-Time
6565ccb68cc242ab3592f17e,60f90674b627bc9d00f108f5,APPROVED,2023-11-28T11:19:18.153000Z,2023-11-28T11:37:27.074000Z,2023-11-28T11:43:55.331000Z,2023-11-28T11:37:27.501320Z,1089.0,CBCT4R5Q,401,"Greek, English",White/Caucasian,49,Male,White,Greece,Greece,Greece,Greek,No,Full-Time
6565cd388dba81b36b013f75,5ddb0d8c9dac7ca8a61b00fd,APPROVED,2023-11-28T11:21:31.347000Z,2023-11-28T11:37:38.070000Z,2023-11-28T11:43:59.984000Z,2023-11-28T11:37:38.598177Z,967.0,CBCT4R5Q,555,"English, Italian, Spanish",White/Caucasian,58,Male,White,"Venezuela, Bolivarian Republic of",Spain,Italy,Spanish,No,Full-Time
6565cd6dc11ea57b3c18eaf0,5cbed25eb98a8e0017f8ed1a,APPROVED,2023-11-28T11:22:21.397000Z,2023-11-28T11:32:06.187000Z,2023-11-28T11:44:04.801000Z,2023-11-28T11:32:06.674016Z,585.0,CBCT4R5Q,931,English,Mixed,54,Male,White,United Kingdom,Spain,United Kingdom,English,No,Unemployed (and job seeking)
6565cd7bea772a27770a888d,5ad8a1dea77e0e0001c4364e,APPROVED,2023-11-28T11:22:44.376000Z,2023-11-28T11:32:17.052000Z,2023-11-28T11:44:06.834000Z,2023-11-28T11:32:17.471739Z,573.0,CBCT4R5Q,156,English,White/Caucasian,61,Male,White,United Kingdom,United Kingdom,United Kingdom,English,DATA_EXPIRED,DATA_EXPIRED
6565cd80c51309abb29ecccc,5bb2a0148f3bd70001e5633f,APPROVED,2023-11-28T11:24:52.350000Z,2023-11-28T11:33:28.162000Z,2023-11-28T11:44:17.152000Z,2023-11-28T11:33:28.752152Z,516.0,CBCT4R5Q,1016,"English, Spanish",White/Caucasian,49,Male,White,Spain,Spain,Spain,Spanish,No,Full-Time
6565cd9435523cdbed949e7f,642d92fa74a011f487523a6b,APPROVED,2023-11-28T11:23:05.771000Z,2023-11-28T11:30:14.928000Z,2023-11-28T11:44:09.225000Z,2023-11-28T11:30:15.413561Z,430.0,CBCT4R5Q,108,"English, French, Dutch",White/Caucasian,52,Male,White,Netherlands,Netherlands,Netherlands,Dutch,DATA_EXPIRED,DATA_EXPIRED
6565cdbc7bfc9f2eb746ffcf,5f8f93586e3bb720c55869ff,APPROVED,2023-11-28T11:23:40.113000Z,2023-11-28T11:35:18.412000Z,2023-11-28T11:44:12.450000Z,2023-11-28T11:35:18.904119Z,699.0,CBCT4R5Q,597,"English, Galician, French, Italian, Spanish",White/Caucasian,53,Male,White,Spain,Spain,Spain,Spanish,No,Full-Time
6565cdd5ebeb16b7b01d21df,6139eee41ad43c4931bda1ad,APPROVED,2023-11-28T11:24:05.500000Z,2023-11-28T11:31:01.381000Z,2023-11-28T11:44:14.078000Z,2023-11-28T11:31:01.846608Z,416.0,CBCT4R5Q,424,"Greek, English, Norwegian",White/Caucasian,50,Male,White,Greece,Norway,Norway,Greek,No,Full-Time
6565cdfdf102bc6d515f8365,5ed3b2b3397ebb01e2c64923,APPROVED,2023-11-28T11:24:48.477000Z,2023-11-28T11:34:00.902000Z,2023-11-28T11:44:15.721000Z,2023-11-28T11:34:01.350203Z,553.0,CBCT4R5Q,484,"Portuguese, English",White/Caucasian,47,Male,White,France,Portugal,Portugal,Portuguese,No,Unemployed (and job seeking)
6565ce1f838fd66766a41658,58905562670d6600012bda4b,APPROVED,2023-11-28T11:25:19.438000Z,2023-11-28T11:40:25.771000Z,2023-11-28T11:44:18.468000Z,2023-11-28T11:40:26.775080Z,907.0,CBCT4R5Q,1026,"English, Spanish",White/Caucasian,49,Male,White,Spain,Spain,Spain,Spanish,No,Full-Time
6565ce3be621107ba9a41790,64a3e3a7b17af2ccd6336581,APPROVED,2023-11-28T11:26:23.514000Z,2023-11-28T11:36:29.917000Z,2023-11-28T11:44:20.955000Z,2023-11-28T11:36:30.365800Z,607.0,CBCT4R5Q,106,"Dutch, English, German",White/Caucasian,62,Male,White,Netherlands,Portugal,Netherlands,Dutch,No,Unemployed (and job seeking)
6565ca54310d4e43d60a883b,607d730ea4fd7a087dc5b90d,APPROVED,2023-11-28T11:09:14.100000Z,2023-11-28T11:15:53.138000Z,2023-11-28T11:43:26.663000Z,2023-11-28T11:15:53.613201Z,400.0,CBCT4R5Q,464,English,White/Caucasian,51,Female,White,United Kingdom,United Kingdom,United Kingdom,English,No,"Not in paid work (e.g. homemaker', 'retired or disabled)"
6565ca95f102bc6d515f8255,615d175abeffb6fdc1acb2da,APPROVED,2023-11-28T11:10:26.001000Z,2023-11-28T11:20:19.216000Z,2023-11-28T11:43:28.205000Z,2023-11-28T11:20:19.654585Z,594.0,CBCT4R5Q,107,English,White/Caucasian,60,Female,White,United Kingdom,Spain,United Kingdom,English,DATA_EXPIRED,DATA_EXPIRED
6565cba4b0f0e0d9393f4c71,5e8e38da572c650e2ede51c9,APPROVED,2023-11-28T11:14:53.220000Z,2023-11-28T11:29:10.477000Z,2023-11-28T11:43:29.801000Z,2023-11-28T11:29:11.126132Z,858.0,CBCT4R5Q,760,English,African,49,Female,Black,South Africa,South Africa,South Africa,English,No,Full-Time
6565cbb10e13a405f5450b4b,5af41a8805d81f0001807e84,APPROVED,2023-11-28T11:15:21.287000Z,2023-11-28T11:22:46.541000Z,2023-11-28T11:43:34.347000Z,2023-11-28T11:22:47.021989Z,446.0,CBCT4R5Q,309,"French, English, Spanish",White/Caucasian,49,Female,White,Gibraltar,United Kingdom,Gibraltar,English,No,DATA_EXPIRED
6565cbc1ebeb16b7b01d213d,616f0edfea9068854a6ef60b,APPROVED,2023-11-28T11:15:18.556000Z,2023-11-28T11:23:38.318000Z,2023-11-28T11:43:32.491000Z,2023-11-28T11:23:38.796231Z,500.0,CBCT4R5Q,105,English,White/Caucasian,55,Female,White,United Kingdom,United Kingdom,United Kingdom,English,No,Full-Time
6565cbc4e0566b1606462430,5ef0a866cd9cde0fcd0d2f77,APPROVED,2023-11-28T11:15:16.796000Z,2023-11-28T11:26:05.670000Z,2023-11-28T11:43:30.926000Z,2023-11-28T11:26:06.133967Z,649.0,CBCT4R5Q,575,English,White/Caucasian,59,Female,White,United Kingdom,South Africa,United Kingdom,English,No,Part-Time
6565cbd5ba76375402013f70,5e8e299ba2a49d0b9cf65ca6,APPROVED,2023-11-28T11:15:33.397000Z,2023-11-28T11:26:06.885000Z,2023-11-28T11:43:36.067000Z,2023-11-28T11:26:07.372757Z,634.0,CBCT4R5Q,359,English,White/Caucasian,50,Female,White,South Africa,South Africa,South Africa,English,No,Full-Time
6565cbe480bdb2b8da462549,5d1b7ca2ebfae6001a9e4401,APPROVED,2023-11-28T11:15:56.347000Z,2023-11-28T11:32:23.116000Z,2023-11-28T11:43:37.492000Z,2023-11-28T11:32:23.960587Z,987.0,CBCT4R5Q,1321,English,White/Caucasian,61,Female,White,United Kingdom,United Kingdom,United Kingdom,English,No,"Not in paid work (e.g. homemaker', 'retired or disabled)"
6565cbf619cff97708eac600,5d3f1485e4a75b0018fabac2,APPROVED,2023-11-28T11:16:22.299000Z,2023-11-28T11:24:16.712000Z,2023-11-28T11:43:40.747000Z,2023-11-28T11:24:17.168388Z,475.0,CBCT4R5Q,494,"English, Spanish",White/Caucasian,62,Female,White,United Kingdom,Spain,United Kingdom,English,No,Other
6565cc180e13a405f5450b67,5a0b42e4fe645f0001e9f480,APPROVED,2023-11-28T11:16:48.946000Z,2023-11-28T11:26:51.770000Z,2023-11-28T11:43:42.616000Z,2023-11-28T11:26:52.276592Z,603.0,CBCT4R5Q,727,English,White/Caucasian,47,Female,White,United Kingdom,United Kingdom,United Kingdom,English,No,Part-Time
6565cc37d95734ab9067bc65,61420a83da1e231807c9feb1,APPROVED,2023-11-28T11:17:20.109000Z,2023-11-28T11:27:10.209000Z,2023-11-28T11:43:46.209000Z,2023-11-28T11:27:10.688249Z,591.0,CBCT4R5Q,339,English,White/Caucasian,51,Female,White,United Kingdom,United Kingdom,United Kingdom,English,No,DATA_EXPIRED
6565cc3a0e13a405f5450b71,5afd42f956fe2c000168fd02,APPROVED,2023-11-28T11:17:24.361000Z,2023-11-28T11:33:51.668000Z,2023-11-28T11:43:49.002000Z,2023-11-28T11:33:52.063578Z,988.0,CBCT4R5Q,159,"English, German, Italian",White/Caucasian,53,Female,White,Italy,Italy,Italy,Italian,No,Part-Time
6565cc6981b055030d1d2140,60fcd2ade28cc412d542108c,APPROVED,2023-11-28T11:18:20.364000Z,2023-11-28T11:25:47.766000Z,2023-11-28T11:43:53.682000Z,2023-11-28T11:25:48.421024Z,448.0,CBCT4R5Q,422,"Afrikaans, English",African,50,Female,Black,South Africa,South Africa,South Africa,English,No,Full-Time
6565ccb48cc242ab3592f17d,5c055e117487a50001d7acaf,APPROVED,2023-11-28T11:19:24.321000Z,2023-11-28T11:37:58.366000Z,2023-11-28T11:43:57.599000Z,2023-11-28T11:37:58.784445Z,1115.0,CBCT4R5Q,164,"English, French, Italian",White/Caucasian,53,Female,White,Italy,Italy,Italy,Italian,No,Full-Time
654927797b86670125b814c9,6119272eab990f2cad815a38,APPROVED,2023-11-06T17:50:49.545000Z,2023-11-06T18:01:16.339000Z,2023-11-07T08:07:26.842000Z,2023-11-06T18:01:16.872527Z,627.0,CBCT4R5Q,188,"English, Italian, Polish",Middle Eastern,21,Male,White,Poland,Poland,Poland,Polish,Yes,Part-Time
6549277969fce06f2aed8255,5d7d0cc0e32539001a174642,APPROVED,2023-11-06T17:50:49.821000Z,2023-11-06T17:58:27.046000Z,2023-11-07T08:07:29.288000Z,2023-11-06T17:58:27.617140Z,458.0,CBCT4R5Q,433,"Polish, English",Mixed,23,Male,White,Poland,Poland,Poland,Polish,No,Full-Time
6549277d64c0616165b04d51,602986be2e967c8de5aae121,APPROVED,2023-11-06T17:50:53.686000Z,2023-11-06T17:58:18.985000Z,2023-11-07T08:07:31.046000Z,2023-11-06T17:58:19.531200Z,446.0,CBCT4R5Q,115,"Polish, English",White/Caucasian,26,Male,White,Poland,Poland,Poland,Polish,No,Full-Time
65492754549a896eda391490,605b0135815a24382dfabf98,APPROVED,2023-11-06T17:50:12.525000Z,2023-11-06T17:56:52.441000Z,2023-11-07T08:07:21.376000Z,2023-11-06T17:56:52.981815Z,400.0,CBCT4R5Q,204,"English, Polish",White/Caucasian,21,Female,White,Poland,Poland,Poland,Polish,Yes,Part-Time
65492757a9997caa12c9d81c,5f09cb729bf14505753e5bd8,APPROVED,2023-11-06T17:50:22.978000Z,2023-11-06T18:04:06.086000Z,2023-11-07T08:07:23.236000Z,2023-11-06T18:04:06.933137Z,824.0,CBCT4R5Q,237,"English, Polish",Other (please feel free to let us know your ethnicity via email),32,Female,White,Poland,Poland,Poland,Polish,No,Full-Time
65492761be9cb904d6b9969c,61116bb708a07afb7dd014c9,APPROVED,2023-11-06T17:50:25.765000Z,2023-11-06T18:00:48.838000Z,2023-11-07T08:07:24.992000Z,2023-11-06T18:00:49.627223Z,624.0,CBCT4R5Q,171,"Portuguese, English",White/Caucasian,29,Female,White,Portugal,Portugal,Portugal,Portuguese,DATA_EXPIRED,DATA_EXPIRED
656517ab8f794bf1617e4108,5dbc56cf53a27b1f352c0e23,APPROVED,2023-11-27T22:26:58.117000Z,2023-11-27T22:49:49.725000Z,2023-11-28T08:51:25.934000Z,2023-11-27T22:49:50.207640Z,1372.0,CBCT4R5Q,214,"English, Polish",White / Sephardic Jew,23,Male,White,Poland,Poland,Poland,Polish,Yes,Unemployed (and job seeking)
656517ed91a670bca036876f,5ec5a561c1172f5f55cfb425,APPROVED,2023-11-27T22:27:57.456000Z,2023-11-27T22:37:25.052000Z,2023-11-28T08:51:30.284000Z,2023-11-27T22:37:25.489233Z,568.0,CBCT4R5Q,378,"English, Spanish",Latino/Hispanic,24,Male,Mixed,Mexico,Mexico,Mexico,Spanish,Yes,Full-Time
656517f3d9f563d2bf482eaa,603d4dbda4df1dbbe8cc13ee,APPROVED,2023-11-27T22:28:05.150000Z,2023-11-27T22:34:42.269000Z,2023-11-28T08:51:33.275000Z,2023-11-27T22:34:43.206655Z,398.0,CBCT4R5Q,157,"Portuguese, English, Spanish, French",Latino/Hispanic,24,Male,White,Portugal,Portugal,Portugal,Portuguese,Yes,Part-Time
6565181bee2e355ecaa3cf70,5fc428c94498ad76110f48df,APPROVED,2023-11-27T22:28:43.257000Z,2023-11-27T22:35:44.368000Z,2023-11-28T08:51:34.675000Z,2023-11-27T22:35:44.835658Z,422.0,CBCT4R5Q,129,"Polish, English",White/Caucasian,21,Male,White,Poland,Poland,Poland,Polish,Yes,Unemployed (and job seeking)
656518419d371796d1848c12,5eb528ae7c968c3b2dacfd43,APPROVED,2023-11-27T22:29:21.843000Z,2023-11-27T22:40:32.433000Z,2023-11-28T08:51:36.371000Z,2023-11-27T22:40:32.933675Z,671.0,CBCT4R5Q,128,"English, Polish",White/Caucasian,23,Male,White,Poland,Poland,Poland,Polish,Yes,Full-Time
656518572ce7e1e95673d43e,60bd013b6f4b59f3280a0ff8,APPROVED,2023-11-27T22:29:49.653000Z,2023-11-27T22:34:00.690000Z,2023-11-28T08:51:41.680000Z,2023-11-27T22:34:01.223539Z,252.0,CBCT4R5Q,160,"Portuguese, English",Latino/Hispanic,23,Male,White,Portugal,Portugal,Portugal,Portuguese,No,Full-Time
6565186d8f2c2c33c9260f3a,6163e0ceb968adc77bc4007a,APPROVED,2023-11-27T22:30:07.520000Z,2023-11-27T23:06:34.486000Z,2023-11-28T08:51:43.102000Z,2023-11-27T23:06:35.044699Z,2187.0,CBCT4R5Q,123,English,South East Asian,20,Male,Mixed,United Kingdom,United Kingdom,United Kingdom,English,Yes,Unemployed (and job seeking)
6565187aee2e355ecaa3cf8a,6053e850078e446456dfc0fe,APPROVED,2023-11-27T22:30:18.851000Z,2023-11-27T22:36:40.996000Z,2023-11-28T08:51:44.420000Z,2023-11-27T22:36:41.535199Z,383.0,CBCT4R5Q,390,"English, Portuguese, French",White/Caucasian,22,Male,White,Portugal,Portugal,Portugal,Portuguese,Yes,Unemployed (and job seeking)
656518be102387312f90cd9e,613ab0960ff3efd039adf1e0,APPROVED,2023-11-27T22:39:44.736000Z,2023-11-27T22:58:44.902000Z,2023-11-28T08:52:11.919000Z,2023-11-27T22:58:45.325922Z,1141.0,CBCT4R5Q,438,"Spanish, English",Latino/Hispanic,22,Male,Mixed,Mexico,Mexico,Mexico,Spanish,Yes,Part-Time
656518d93d1d53cd53c4f27f,60f958dea810a7a0cf3d14d9,APPROVED,2023-11-27T22:31:56.383000Z,2023-11-27T22:37:38.528000Z,2023-11-28T08:51:48.601000Z,2023-11-27T22:37:38.996433Z,343.0,CBCT4R5Q,177,"English, Portuguese",White/Caucasian,23,Male,White,Portugal,Portugal,Portugal,English,DATA_EXPIRED,DATA_EXPIRED
656518f39eb3690271c888f4,6041499ba066050e18a7934d,APPROVED,2023-11-27T22:32:19.319000Z,2023-11-27T23:08:36.864000Z,2023-11-28T08:51:49.832000Z,2023-11-27T23:08:38.028480Z,2178.0,CBCT4R5Q,275,"English, Polish",White/Caucasian,24,Male,White,Poland,Poland,Poland,Polish,Yes,Unemployed (and job seeking)
656518fa47b4a51fc8d618a2,5ecc17baf40bde40e681a6c0,APPROVED,2023-11-27T22:32:26.670000Z,2023-11-27T22:45:21.315000Z,2023-11-28T08:51:52.740000Z,2023-11-27T22:45:21.808251Z,775.0,CBCT4R5Q,502,"English, Polish",White/Caucasian,23,Male,White,Poland,Poland,Poland,Polish,Yes,Full-Time
656519129349a91f9e20bd82,6452993a939da0225e423176,APPROVED,2023-11-27T22:32:50.134000Z,2023-11-27T22:42:21.224000Z,2023-11-28T08:51:56.023000Z,2023-11-27T22:42:21.779172Z,572.0,CBCT4R5Q,170,"English, Portuguese",Latino/Hispanic,19,Male,Mixed,Brazil,Portugal,Portugal,Portuguese,Yes,Part-Time
6565191acb3ac98fbc1a9f78,6480fdb35359bd308df67b77,APPROVED,2023-11-27T22:32:58.661000Z,2023-11-27T22:50:03.678000Z,2023-11-28T08:51:58.202000Z,2023-11-27T22:50:04.173868Z,1026.0,CBCT4R5Q,122,English,White Mexican,20,Male,White,Mexico,Mexico,Mexico,Spanish,Yes,Part-Time
656517cf2ce7e1e95673d424,5f94ba5a28b5133085392f02,APPROVED,2023-11-27T22:27:30.907000Z,2023-11-27T22:35:53.913000Z,2023-11-28T08:51:29.129000Z,2023-11-27T22:35:54.357906Z,504.0,CBCT4R5Q,146,"English, Polish",White/Caucasian,25,Female,White,Poland,Poland,Poland,Polish,DATA_EXPIRED,DATA_EXPIRED
656517eea8f318c437a12df0,5ee907fc12ef3f0f443d1d90,APPROVED,2023-11-27T22:27:58.554000Z,2023-11-27T22:36:11.325000Z,2023-11-28T08:51:31.900000Z,2023-11-27T22:36:11.933231Z,493.0,CBCT4R5Q,232,"Greek, English",White/Caucasian,23,Female,White,Greece,Greece,Greece,Greek,Yes,"Not in paid work (e.g. homemaker', 'retired or disabled)"
6565184bde8cd03f7ba898c7,5c6db23505ecb500017df1ba,APPROVED,2023-11-27T22:29:35.489000Z,2023-11-27T22:37:06.474000Z,2023-11-28T08:51:37.792000Z,2023-11-27T22:37:06.961768Z,451.0,CBCT4R5Q,178,English,White/Caucasian,25,Female,White,United Kingdom,United Kingdom,United Kingdom,English,No,Full-Time
6565184f710403ee3db8936c,603133755bdba40085bb6778,APPROVED,2023-11-27T22:29:35.780000Z,2023-11-27T22:39:43.813000Z,2023-11-28T08:51:39.979000Z,2023-11-27T22:39:44.325580Z,609.0,CBCT4R5Q,102,"Portuguese, English",White/Caucasian,20,Female,White,Portugal,Portugal,Portugal,Portuguese,Yes,Unemployed (and job seeking)
656518ca91ab4d27a27afcd8,5fafea489c356e2e060a60f7,APPROVED,2023-11-27T22:31:41.815000Z,2023-11-27T22:37:26.154000Z,2023-11-28T08:51:45.957000Z,2023-11-27T22:37:26.813685Z,345.0,CBCT4R5Q,117,"English, Portuguese",White/Caucasian,22,Female,White,Portugal,Portugal,Portugal,Portuguese,Yes,Part-Time
656518d4c96f32d2ffa8f366,5f99cee5a2a7d109a1624e10,APPROVED,2023-11-27T22:31:48.692000Z,2023-11-27T22:37:52.456000Z,2023-11-28T08:51:47.312000Z,2023-11-27T22:37:53.030345Z,364.0,CBCT4R5Q,435,"English, Portuguese",White/Caucasian,22,Female,White,Portugal,Portugal,Portugal,Portuguese,DATA_EXPIRED,DATA_EXPIRED
656518f44836778c5c22c4e2,5fa472cf29a8e70f22c5d521,APPROVED,2023-11-27T22:33:07.184000Z,2023-11-27T22:42:38.553000Z,2023-11-28T08:52:02.075000Z,2023-11-27T22:42:38.995606Z,572.0,CBCT4R5Q,397,"Afrikaans, English",African,24,Female,Black,South Africa,South Africa,South Africa,Afrikaans,No,Full-Time
65651908622e86e14ebe5508,5e03e9c353b56eeb455bb7d2,APPROVED,2023-11-27T22:32:40.442000Z,2023-11-27T22:42:40.081000Z,2023-11-28T08:51:54.086000Z,2023-11-27T22:42:40.834470Z,600.0,CBCT4R5Q,328,"English, Polish",White/Caucasian,25,Female,White,Poland,Poland,Poland,Polish,No,Part-Time
656519226658ccc3609c6f0a,6172078b966225960be2a7b5,APPROVED,2023-11-27T22:33:06.534000Z,2023-11-27T22:43:18.984000Z,2023-11-28T08:52:00.330000Z,2023-11-27T22:43:20.470578Z,613.0,CBCT4R5Q,193,"English, Spanish",Latino/Hispanic,24,Female,Mixed,Mexico,Mexico,Mexico,Spanish,No,Full-Time
6565192a739efdc811fa69d7,612a3db8337d599dd9b183d6,APPROVED,2023-11-27T22:33:19.283000Z,2023-11-27T22:58:53.143000Z,2023-11-28T08:52:03.837000Z,2023-11-27T22:58:53.613947Z,1534.0,CBCT4R5Q,421,"English, Afrikaans",African,24,Female,Black,South Africa,South Africa,South Africa,English,Yes,Full-Time
6565192f2e22b60c417ef69e,6107adafd5418d7986db1f3e,APPROVED,2023-11-27T22:33:19.809000Z,2023-11-27T22:39:39.424000Z,2023-11-28T08:52:05.591000Z,2023-11-27T22:39:40.149491Z,380.0,CBCT4R5Q,248,"English, Portuguese, Spanish",White/Caucasian,21,Female,White,Portugal,Portugal,Portugal,Portuguese,Yes,Due to start a new job within the next month
6565194b90246c10fe90ce48,616f94cd9cd003d37c9db38c,APPROVED,2023-11-27T22:33:46.967000Z,2023-11-27T22:40:37.522000Z,2023-11-28T08:52:07.188000Z,2023-11-27T22:40:37.940490Z,411.0,CBCT4R5Q,278,"Spanish, English",Latino/Hispanic,24,Female,Other,Chile,Chile,Chile,Spanish,Yes,Part-Time
656519548f2c2c33c9260f93,5edc3d681a69d49159555f91,APPROVED,2023-11-27T22:33:56.836000Z,2023-11-27T22:48:53.446000Z,2023-11-28T08:52:09.872000Z,2023-11-27T22:48:54.199419Z,897.0,CBCT4R5Q,587,"Catalan, English, Spanish",White/Caucasian,24,Female,White,Spain,Spain,Spain,Spanish,No,Part-Time
655b4232631895cb9d4d0ebb,5defa5382c54d4635f06f22b,APPROVED,2023-11-20T11:25:44.016000Z,2023-11-20T11:32:32.084000Z,2023-11-20T12:20:34.734000Z,2023-11-20T11:32:32.577287Z,409.0,CBCT4R5Q,924,English,White/Caucasian,67,Male,White,United Kingdom,United Kingdom,United Kingdom,English,No,"Not in paid work (e.g. homemaker', 'retired or disabled)"
655b4277aecf43f400fa1273,6368f63b50877e152c6c2d06,APPROVED,2023-11-20T11:26:54.328000Z,2023-11-20T11:34:33.082000Z,2023-11-20T12:20:37.884000Z,2023-11-20T11:34:33.806084Z,459.0,CBCT4R5Q,609,English,White/Caucasian,69,Male,White,United Kingdom,United Kingdom,United Kingdom,English,No,DATA_EXPIRED
655b42edf2fc488e37f921e6,5c18f74e9caf5e00011a3db5,APPROVED,2023-11-20T11:28:50.875000Z,2023-11-20T11:37:24.674000Z,2023-11-20T12:20:40.757000Z,2023-11-20T11:37:25.370265Z,514.0,CBCT4R5Q,812,English,White/Caucasian,80,Male,White,United Kingdom,France,United Kingdom,English,No,"Not in paid work (e.g. homemaker', 'retired or disabled)"
655b44cfab0c42bea4740306,5b3d6a9ec2aa1000017781a0,APPROVED,2023-11-20T11:37:02.961000Z,2023-11-20T11:54:10.965000Z,2023-11-20T12:20:45.259000Z,2023-11-20T11:54:11.416217Z,1029.0,CBCT4R5Q,1281,"Spanish, English",White/Caucasian,68,Male,White,United Kingdom,Chile,United Kingdom,English,No,Full-Time
655b4552493d3614c5a68050,6163f468f64021af99daf9b5,APPROVED,2023-11-20T11:39:04.092000Z,2023-11-20T11:48:51.646000Z,2023-11-20T12:20:49.138000Z,2023-11-20T11:48:52.098879Z,588.0,CBCT4R5Q,562,English,White/Caucasian,70,Male,White,United States,United States,United States,English,No,"Not in paid work (e.g. homemaker', 'retired or disabled)"
655b45d2d9f67c2ee9c24e59,56eeb66a524cc0000a5fa4a2,APPROVED,2023-11-20T11:41:19.279000Z,2023-11-20T11:47:45.832000Z,2023-11-20T12:20:52.987000Z,2023-11-20T11:47:46.336187Z,387.0,CBCT4R5Q,1971,English,White/Caucasian,67,Male,White,United Kingdom,United Kingdom,United Kingdom,English,No,"Not in paid work (e.g. homemaker', 'retired or disabled)"
655b46671543dd12aa837818,630d1aea50e36df79c80f34f,APPROVED,2023-11-20T11:43:41.449000Z,2023-11-20T11:51:09.736000Z,2023-11-20T12:21:01.571000Z,2023-11-20T11:51:10.211490Z,449.0,CBCT4R5Q,661,English,White/Caucasian,66,Male,White,United Kingdom,United Kingdom,United Kingdom,English,No,Part-Time
655b4682a8745660527111b6,5ea178d1c3a2440181b09d8c,APPROVED,2023-11-20T11:44:10.570000Z,2023-11-20T11:51:44.577000Z,2023-11-20T12:20:58.856000Z,2023-11-20T11:51:45.094833Z,455.0,CBCT4R5Q,687,English,White/Caucasian,71,Male,White,United Kingdom,Spain,United Kingdom,English,No,Full-Time
655b46b3af38f6b16bbc1871,642c006ab77c5c86b854e95a,APPROVED,2023-11-20T11:44:57.081000Z,2023-11-20T11:52:23.594000Z,2023-11-20T12:21:03.601000Z,2023-11-20T11:52:24.061654Z,447.0,CBCT4R5Q,428,English,White/Caucasian,66,Male,White,United Kingdom,United Kingdom,United Kingdom,English,No,"Not in paid work (e.g. homemaker', 'retired or disabled)"
655b46cd22f33e4f9d1264ef,60dc963e81e24696fb377f61,APPROVED,2023-11-20T11:45:21.919000Z,2023-11-20T11:55:22.327000Z,2023-11-20T12:21:05.410000Z,2023-11-20T11:55:23.097431Z,601.0,CBCT4R5Q,1020,English,White/Caucasian,72,Male,White,United Kingdom,United Kingdom,United Kingdom,English,No,"Not in paid work (e.g. homemaker', 'retired or disabled)"
655b41748d0b43691b478823,62bed5538250521bc5a01970,APPROVED,2023-11-20T11:22:33.354000Z,2023-11-20T11:27:16.796000Z,2023-11-20T12:20:32.757000Z,2023-11-20T11:27:17.214312Z,284.0,CBCT4R5Q,327,English,White/Caucasian,68,Female,White,United Kingdom,United Kingdom,United Kingdom,English,No,DATA_EXPIRED
655b42595e2ec8924a33920a,60041b89f0b70121fb013c80,APPROVED,2023-11-20T11:26:27.937000Z,2023-11-20T11:38:59.510000Z,2023-11-20T12:20:36.317000Z,2023-11-20T11:38:59.949704Z,752.0,CBCT4R5Q,881,English,White/Caucasian,74,Female,White,United States,Israel,United States,English,No,"Not in paid work (e.g. homemaker', 'retired or disabled)"
655b42975b2ca3f101b537ed,616fb6ddc63e70bec3035bf3,APPROVED,2023-11-20T11:27:29.326000Z,2023-11-20T11:49:16.974000Z,2023-11-20T12:20:39.318000Z,2023-11-20T11:49:17.635288Z,1308.0,CBCT4R5Q,196,"Afrikaans, English",White/Caucasian,70,Female,White,South Africa,South Africa,South Africa,Afrikaans,No,Part-Time
655b43f76264a5f46bd22fdf,5ea00067d330db1ac58c6163,APPROVED,2023-11-20T11:33:14.837000Z,2023-11-20T11:37:52.240000Z,2023-11-20T12:20:42.198000Z,2023-11-20T11:37:52.669233Z,278.0,CBCT4R5Q,1210,English,White/Caucasian,67,Female,White,United Kingdom,United Kingdom,United Kingdom,English,DATA_EXPIRED,DATA_EXPIRED
655b44479d25937a796d1821,5a04ccfef2e3460001edadef,APPROVED,2023-11-20T11:34:48.323000Z,2023-11-20T11:43:05.266000Z,2023-11-20T12:20:43.480000Z,2023-11-20T11:43:05.738498Z,497.0,CBCT4R5Q,1968,English,White/Caucasian,68,Female,White,United Kingdom,United Kingdom,United Kingdom,English,No,"Not in paid work (e.g. homemaker', 'retired or disabled)"
655b44e21543dd12aa8377ca,5eeb621a7c83c62d2473afb1,APPROVED,2023-11-20T11:37:14.306000Z,2023-11-20T11:45:58.588000Z,2023-11-20T12:20:46.809000Z,2023-11-20T11:45:59.152017Z,525.0,CBCT4R5Q,962,English,White/Caucasian,69,Female,White,United Kingdom,United Kingdom,United Kingdom,English,No,"Not in paid work (e.g. homemaker', 'retired or disabled)"
655b455836c31429c8272f86,6485fdd710b39198f65e63f4,APPROVED,2023-11-20T11:39:09.702000Z,2023-11-20T11:47:32.994000Z,2023-11-20T12:20:51.176000Z,2023-11-20T11:47:33.503302Z,504.0,CBCT4R5Q,231,English,White/Caucasian,70,Female,White,United Kingdom,United Kingdom,United Kingdom,English,No,DATA_EXPIRED
655b4653cd6b54f6ee957399,63ee9abfa262bea95766dd9c,APPROVED,2023-11-20T11:43:20.946000Z,2023-11-20T11:50:06.842000Z,2023-11-20T12:20:57.613000Z,2023-11-20T11:50:07.272554Z,406.0,CBCT4R5Q,480,"English, Hindi, Punjabi",South Asian,71,Female,Asian,India,United Kingdom,United Kingdom,English,No,Part-Time
655b4654134b59160b32b4da,6124d3c85b6ea8a350177dcc,APPROVED,2023-11-20T11:43:19.963000Z,2023-11-20T11:52:02.528000Z,2023-11-20T12:20:54.533000Z,2023-11-20T11:52:02.955463Z,523.0,CBCT4R5Q,1015,English,White/Caucasian,67,Female,White,United Kingdom,United Kingdom,United Kingdom,English,No,"Not in paid work (e.g. homemaker', 'retired or disabled)"
655b465570bae41da444887b,638605844223827d9e8710a5,APPROVED,2023-11-20T11:43:20.825000Z,2023-11-20T11:53:26.476000Z,2023-11-20T12:20:55.938000Z,2023-11-20T11:53:27.027528Z,606.0,CBCT4R5Q,206,English,White/Caucasian,68,Female,White,United Kingdom,United Kingdom,United Kingdom,English,No,Part-Time
6565ab51e5ee9c2d61a90b94,611e1dc7d3edcbcadda82512,APPROVED,2023-11-28T08:56:49.566000Z,2023-11-28T09:06:06.153000Z,2023-11-28T10:54:39.581000Z,2023-11-28T09:06:06.614793Z,557.0,CBCT4R5Q,206,English,African,23,Female,Black,South Africa,South Africa,South Africa,English,Yes,Full-Time
6565ba2e230adc3589528b4b,611d32745d36a6ef5fbb0798,APPROVED,2023-11-28T10:00:29.425000Z,2023-11-28T10:06:57.433000Z,2023-11-28T10:54:41.331000Z,2023-11-28T10:06:59.008600Z,389.0,CBCT4R5Q,224,"English, Other",African,24,Female,Black,South Africa,South Africa,South Africa,DATA_EXPIRED,Yes,Unemployed (and job seeking)
6565c8f04b49318f2f18e93e,60d1be6ac5e92d2ab630e89f,APPROVED,2023-11-28T11:03:17.506000Z,2023-11-28T11:12:09.603000Z,2023-11-28T11:24:58.898000Z,2023-11-28T11:12:10.367528Z,533.0,CBCT4R5Q,346,"Portuguese, English, Spanish",White/Caucasian,26,Male,White,Portugal,Portugal,Portugal,Portuguese,No,Full-Time
6565d34035523cdbed94a079,5a7972542a842c0001fc469a,APPROVED,2023-11-28T11:47:17.532000Z,2023-11-28T11:59:58.300000Z,2023-11-28T12:11:17.171000Z,2023-11-28T11:59:59.123693Z,761.0,CBCT4R5Q,200,English,White/Caucasian,60,Female,White,United Kingdom,United Kingdom,United Kingdom,English,DATA_EXPIRED,DATA_EXPIRED
655b54c0aecf43f400fa1586,64662c5c9a1bf13ae68abe9a,APPROVED,2023-11-20T12:44:53.080000Z,2023-11-20T12:52:03.405000Z,2023-11-20T12:53:15.799000Z,2023-11-20T12:52:03.983772Z,431.0,CBCT4R5Q,277,English,White/Caucasian,65,Female,White,United States,United States,United States,English,No,"Not in paid work (e.g. homemaker', 'retired or disabled)"
655b2d5caeb6700894228490,60ede6577c93b8e4d7f6bbdf,APPROVED,2023-11-20T09:56:44.384000Z,2023-11-20T10:03:34.349000Z,2023-11-20T11:06:59.844000Z,2023-11-20T10:03:34.838611Z,410.0,CBCT4R5Q,332,"English, Portuguese",White/Caucasian,21,Male,White,Portugal,Portugal,Portugal,Portuguese,No,Full-Time
655b2d6a8090f46bf48e2607,60ffaa7143b46c35f390a4bb,APPROVED,2023-11-20T09:57:01.991000Z,2023-11-20T10:02:56.184000Z,2023-11-20T11:07:03.501000Z,2023-11-20T10:02:56.647362Z,355.0,CBCT4R5Q,135,English,White/Caucasian,24,Male,White,United Kingdom,United Kingdom,United Kingdom,English,No,Full-Time
655b2d8c4159651e9f13eb42,6078a191d9b09011311e7618,APPROVED,2023-11-20T09:57:32.626000Z,2023-11-20T10:17:19.259000Z,2023-11-20T11:07:05.848000Z,2023-11-20T10:17:19.770311Z,1187.0,CBCT4R5Q,177,English,Mixed,22,Male,Mixed,South Africa,South Africa,South Africa,English,Yes,Other
655b2da9041ad42a45a5ee2d,5f0e28b536c61b1430d2248e,APPROVED,2023-11-20T10:01:01.202000Z,2023-11-20T10:08:50.709000Z,2023-11-20T11:07:20.503000Z,2023-11-20T10:08:51.301719Z,470.0,CBCT4R5Q,668,"English, Tagalog-Filipino",South East Asian,22,Male,Asian,Philippines,Canada,Canada,Tagalog-Filipino,No,Full-Time
655b2dab7e838cc7bb2f6667,614280ed34d0c9737fb0f796,APPROVED,2023-11-20T10:02:07.034000Z,2023-11-20T10:13:46.421000Z,2023-11-20T11:07:22.605000Z,2023-11-20T10:13:46.922039Z,700.0,CBCT4R5Q,361,English,African,23,Male,Black,South Africa,South Africa,South Africa,English,Yes,Part-Time
655b2de33c813e394e120e93,6155aae55300ebb347b7a578,APPROVED,2023-11-20T09:58:59.717000Z,2023-11-20T10:13:16.474000Z,2023-11-20T11:07:15.924000Z,2023-11-20T10:13:17.045678Z,857.0,CBCT4R5Q,231,English,African,23,Male,Black,South Africa,South Africa,South Africa,English,Yes,Unemployed (and job seeking)
655b2df5687df87942e186dd,60f6da6909e5649743053065,APPROVED,2023-11-20T09:59:24.174000Z,2023-11-20T10:09:18.752000Z,2023-11-20T11:07:17.537000Z,2023-11-20T10:09:19.267949Z,595.0,CBCT4R5Q,126,English,African,24,Male,Black,South Africa,South Africa,South Africa,English,No,Full-Time
655b2e075f8e46ee3727c997,5f73427f244c770277ba2a5d,APPROVED,2023-11-20T10:03:40.707000Z,2023-11-20T10:32:59.819000Z,2023-11-20T11:07:24.153000Z,2023-11-20T10:33:00.700551Z,1760.0,CBCT4R5Q,533,"English, Polish, German",White/Caucasian,24,Male,White,Poland,Poland,Poland,Polish,Yes,Full-Time
655b2e189106d55f7c1eed6a,60c49e68081928c86ba7b98a,APPROVED,2023-11-20T10:00:47.723000Z,2023-11-20T10:08:58.139000Z,2023-11-20T11:07:19.192000Z,2023-11-20T10:08:58.636960Z,491.0,CBCT4R5Q,121,"Italian, English",White/Caucasian,23,Male,White,Italy,Italy,Italy,Italian,Yes,Unemployed (and job seeking)
655b2d65b99104a1e36fdc9c,5bef1e56c19fcd0001cdf4c7,APPROVED,2023-11-20T09:56:57.808000Z,2023-11-20T10:02:28.095000Z,2023-11-20T11:07:01.643000Z,2023-11-20T10:02:28.696663Z,331.0,CBCT4R5Q,377,"English, French, Spanish",White/Caucasian,25,Female,White,Spain,Spain,Spain,Spanish,DATA_EXPIRED,DATA_EXPIRED
655b2d7abc9259025911ea8e,5fca668ac2964d6748476ebb,APPROVED,2023-11-20T09:57:17.586000Z,2023-11-20T10:05:31.156000Z,2023-11-20T11:07:04.721000Z,2023-11-20T10:05:31.654188Z,494.0,CBCT4R5Q,140,"English, Portuguese",White/Caucasian,23,Female,White,Portugal,Portugal,Portugal,Portuguese,No,Full-Time
655b2d96314a97dfeb566c75,60e6f8ba388943fc0c5e19fc,APPROVED,2023-11-20T09:57:49.367000Z,2023-11-20T10:09:34.077000Z,2023-11-20T11:07:08.264000Z,2023-11-20T10:09:34.611226Z,705.0,CBCT4R5Q,203,English,African,24,Female,Black,South Africa,South Africa,South Africa,English,Yes,Full-Time
655b2d9d4ebdfa3b30a8f21e,60d64ee4773f3084cfb8f3ac,APPROVED,2023-11-20T09:57:49.248000Z,2023-11-20T10:16:25.900000Z,2023-11-20T11:07:07.035000Z,2023-11-20T10:16:26.607372Z,1117.0,CBCT4R5Q,216,"Portuguese, English",White/Caucasian,23,Female,White,Portugal,Portugal,Portugal,Portuguese,No,Full-Time
655b2dabfdbf3071687d6bc4,5fdcad62eed16d2504b27f5a,APPROVED,2023-11-20T09:58:03.634000Z,2023-11-20T10:15:01.823000Z,2023-11-20T11:07:09.649000Z,2023-11-20T10:15:02.946197Z,1019.0,CBCT4R5Q,141,"English, French, Swahili",African,20,Female,Black,Congo the Democratic Republic of the,South Africa,Congo the Democratic Republic of the,English,Yes,Part-Time
655b2dae5ac17d3e5411e9ca,6384d76e3da4c98dc29e390b,APPROVED,2023-11-20T09:58:09.812000Z,2023-11-20T10:07:42.986000Z,2023-11-20T11:07:11.067000Z,2023-11-20T10:07:43.430007Z,574.0,CBCT4R5Q,273,"English, German, Spanish",Mixed,25,Female,Mixed,Ecuador,Germany,Germany,Spanish,Yes,DATA_EXPIRED
655b2db94670af782d339e1a,5d7e41aea60f7b00013cf1af,APPROVED,2023-11-20T09:58:17.560000Z,2023-11-20T10:04:25.058000Z,2023-11-20T11:07:12.776000Z,2023-11-20T10:04:25.563504Z,368.0,CBCT4R5Q,362,"English, Polish",White/Caucasian,24,Female,White,Poland,Poland,Poland,Polish,Yes,DATA_EXPIRED
655b2dc4c60761801a516acd,5e4aecbff6f75d000ccc6108,APPROVED,2023-11-20T09:58:28.748000Z,2023-11-20T10:08:31.537000Z,2023-11-20T11:07:14.264000Z,2023-11-20T10:08:32.058339Z,603.0,CBCT4R5Q,298,"English, Portuguese",White/Caucasian,25,Female,White,Portugal,Portugal,Portugal,Portuguese,Yes,Full-Time
655b2dc563e4a8bc70f620e0,603e51684835eaca90562e76,APPROVED,2023-11-20T10:06:40.600000Z,2023-11-20T10:37:23.002000Z,2023-11-20T11:07:25.537000Z,2023-11-20T10:37:24.475561Z,1843.0,CBCT4R5Q,269,"English, Polish, Russian",White/Caucasian,24,Female,White,Poland,Poland,Poland,Polish,No,Full-Time
